Bower,Adam,adam.bower@mail
Hudson,Carol,carol.hudson@mail
Mackay,Molly,molly.mackay@mail
Davidson,Lily,lily.davidson@mail
Paige,Sebastian,sebastian.paige@mail
McLean,Leonard,leonard.mclean@mail
MacDonald,Connor,connor.macdonald@mail